{"cameraMode":{"drawMode":0,"name":"Shaded","section":"Shading Mode"},"sceneLighting":false,"audioPlay":false,"sceneViewState":{"showFog":true,"showMaterialUpdate":false,"showSkybox":true,"showFlares":true,"showImageEffects":true,"showParticleSystems":true},"in2DMode":false,"pivot":{"x":3.725290298461914e-9,"y":0.10000000149011612,"z":-3.725290298461914e-9},"rotation":{"x":0.13748902082443238,"y":0.8625866174697876,"z":-0.34282004833221438,"w":0.34580904245376589},"size":0.06123724952340126,"orthographic":false}