{"cameraMode":{"drawMode":0,"name":"Shaded","section":"Shading Mode"},"sceneLighting":false,"audioPlay":false,"sceneViewState":{"showFog":true,"showMaterialUpdate":false,"showSkybox":true,"showFlares":true,"showImageEffects":true,"showParticleSystems":true},"in2DMode":false,"pivot":{"x":3.725290298461914e-9,"y":0.0,"z":-3.725290298461914e-9},"rotation":{"x":0.027596978470683099,"y":0.9511188864707947,"z":-0.2945348918437958,"w":0.08898649364709854},"size":-5.638763427734375,"orthographic":false}