{"cameraMode":{"drawMode":0,"name":"Shaded","section":"Shading Mode"},"sceneLighting":false,"audioPlay":false,"sceneViewState":{"showFog":true,"showMaterialUpdate":false,"showSkybox":true,"showFlares":true,"showImageEffects":true,"showParticleSystems":true},"in2DMode":false,"pivot":{"x":2.7318222522735597,"y":-0.4451892077922821,"z":1.0201431512832642},"rotation":{"x":0.15192236006259919,"y":0.5879538655281067,"z":-0.11353664100170136,"w":0.7863872051239014},"size":2.4143433570861818,"orthographic":false}