{"cameraMode":{"drawMode":0,"name":"Shaded","section":"Shading Mode"},"sceneLighting":false,"audioPlay":false,"sceneViewState":{"showFog":true,"showMaterialUpdate":false,"showSkybox":true,"showFlares":true,"showImageEffects":true,"showParticleSystems":true},"in2DMode":false,"pivot":{"x":6.176422595977783,"y":1.1483532190322877,"z":-6.026643753051758},"rotation":{"x":-0.015940910205245019,"y":0.9098513126373291,"z":0.035244785249233249,"w":0.4132091999053955},"size":4.40176248550415,"orthographic":false}