{"cameraMode":{"drawMode":0,"name":"Shaded","section":"Shading Mode"},"sceneLighting":false,"audioPlay":false,"sceneViewState":{"showFog":true,"showMaterialUpdate":false,"showSkybox":true,"showFlares":true,"showImageEffects":true,"showParticleSystems":true},"in2DMode":false,"pivot":{"x":-0.1334935426712036,"y":0.6919418573379517,"z":-0.512871265411377},"rotation":{"x":-0.06361918151378632,"y":0.4579417407512665,"z":0.032916825264692309,"w":0.8861162066459656},"size":0.2448623776435852,"orthographic":false}