{"cameraMode":{"drawMode":0,"name":"Shaded","section":"Shading Mode"},"sceneLighting":false,"audioPlay":false,"sceneViewState":{"showFog":true,"showMaterialUpdate":false,"showSkybox":false,"showFlares":true,"showImageEffects":true,"showParticleSystems":true},"in2DMode":false,"pivot":{"x":3.725290298461914e-9,"y":0.0,"z":-3.725290298461914e-9},"rotation":{"x":-0.06361918151378632,"y":0.4579417407512665,"z":0.032916825264692309,"w":0.8861162066459656},"size":0.06123724952340126,"orthographic":false}